Ticker,Company Name,Free Float %,Category
IBST,INTI BANGUN SEJAHTERA Tbk,0.0,LOW
HITS,HUMPUSS INTERMODA TRANSPORTASI Tbk,0.1,LOW
SUPR,SOLUSI TUNAS PRATAMA Tbk,0.1,LOW
POLU,GOLDEN FLOWER Tbk,0.2,LOW
ROCK,ROCKFIELDS PROPERTI INDONESIA Tbk,0.2,LOW
FASW,FAJAR SURYA WISESA Tbk,0.2,LOW
POLI,POLLUX HOTELS GROUP Tbk,0.3,LOW
DUTI,DUTA PERTIWI Tbk,0.6,LOW
MFMI,MULTIFILING MITRA INDONESIA Tbk,0.7,LOW
SOSS,SHIELD ON SERVICE Tbk,0.7,LOW
META,NUSANTARA INFRASTRUCTURE Tbk,0.7,LOW
FAPA,FAP AGRI Tbk,0.7,LOW
BLTZ,GRAHA LAYAR PRIMA Tbk,0.7,LOW
IFSH,IFISHDECO Tbk,0.8,LOW
SMAR,SINAR MAS AGRO RESOURCES AND TECHNOLOGY Tbk,0.8,LOW
KMTR,KIRANA MEGATARA Tbk,1.0,LOW
SMDM,SURYAMAS DUTAMAKMUR Tbk,1.0,LOW
SCPI,ORGANON PHARMA INDONESIA Tbk,1.2,LOW
PGUN,PRADIKSI GUNATAMA Tbk,1.3,LOW
SMCB,SOLUSI BANGUN INDONESIA Tbk,1.3,LOW
GSMF,EQUITY DEVELOPMENT INVESTMENT Tbk,1.3,LOW
CBUT,CITRA BORNEO UTAMA Tbk,1.4,LOW
BNII,BANK MAYBANK INDONESIA Tbk,1.5,LOW
PRAY,FAMON AWAL BROS SEDAYA Tbk,1.5,LOW
CMNT,CEMINDO GEMILANG Tbk,1.6,LOW
ANJT,AUSTINDO NUSANTARA JAYA Tbk,1.6,LOW
POLL,POLLUX PROPERTIES INDONESIA Tbk,1.7,LOW
ARTA,ARTHAVEST Tbk,1.8,LOW
GEMS,GOLDEN ENERGY MINES Tbk,1.9,LOW
CTBN,CITRA TUBINDO Tbk,2.0,LOW
BMAS,BANK MASPION INDONESIA Tbk,2.1,LOW
SKLT,SEKAR LAUT Tbk,2.1,LOW
MLPT,MULTIPOLAR TECHNOLOGY Tbk,2.2,LOW
BTPN,BANK SMBC INDONESIA Tbk,2.3,LOW
SDRA,BANK WOORI SAUDARA INDONESIA 1906 Tbk,2.5,LOW
JAWA,JAYA AGRA WATTIE Tbk,2.5,LOW
GMTD,GOWA MAKASSAR TOURISM DEVELOPMENT Tbk,2.6,LOW
PSSI,IMC PELITA LOGISTIK Tbk,2.7,LOW
SURE,SUPER ENERGY Tbk,2.9,LOW
TGKA,TIGARAKSA SATRIA Tbk,3.2,LOW
VRNA,MIZUHO LEASING INDONESIA Tbk,3.2,LOW
HDFA,RADANA BHASKARA FINANCE Tbk,3.3,LOW
PLIN,PLAZA INDONESIA REALTY Tbk,3.4,LOW
GOLF,INTRA GOLFLINK RESORTS Tbk,3.5,LOW
AMAR,BANK AMAR INDONESIA Tbk,3.6,LOW
DAYA,DUTA INTIDAYA Tbk,3.7,LOW
KSIX,KENTANIX SUPRA INTERNATIONAL Tbk,3.7,LOW
PTSP,PIONEERINDO GOURMET INTERNATIONAL Tbk,3.8,LOW
ROTI,NIPPON INDOSARI CORPINDO Tbk,3.8,LOW
BCIC,BANK JTRUST INDONESIA Tbk,3.8,LOW
GTBO,GARDA TUJUH BUANA Tbk,3.8,LOW
OMRE,INDONESIA PRIMA PROPERTY Tbk,3.9,LOW
NETV,MDTV MEDIA TECHNOLOGIES Tbk,3.9,LOW
STAA,SUMBER TANI AGUNG RESOURCES Tbk,3.9,LOW
DVLA,DARYA - VARIA LABORATORIA Tbk,4.0,LOW
BSWD,BANK OF INDIA INDONESIA Tbk,4.1,LOW
NICE,ADHI KARTIKO PRATAMA Tbk,4.1,LOW
COWL,COWELL DEVELOPMENT Tbk,4.1,LOW
KIAS,KERAMIKA INDONESIA ASSOSIASI Tbk,4.2,LOW
CITA,CITA MINERAL INVESTINDO Tbk,4.3,LOW
WICO,WICAKSANA OVERSEAS INTERNATIONAL Tbk,4.5,LOW
GOLL,GOLDEN PLANTATION Tbk,4.6,LOW
AGII,SAMATOR INDO GAS Tbk,4.6,LOW
BABY,MULTITREND INDO Tbk,4.6,LOW
LFLO,IMAGO MULIA PERSADA Tbk,4.7,LOW
PMJS,PUTRA MANDIRI JEMBAR Tbk,4.7,LOW
RSGK,KEDOYA ADYARAYA Tbk,4.7,LOW
DNET,INDORITEL MAKMUR INTERNASIONAL Tbk,4.7,LOW
LIFE,MSIG LIFE INSURANCE INDONESIA Tbk,4.7,LOW
NATO,SURYA PERMATA ANDALAN Tbk,4.7,LOW
WOMF,WAHANA OTTOMITRA MULTIARTHA Tbk,4.9,LOW
RANC,SUPRA BOGA LESTARI Tbk,4.9,LOW
MAPB,MAP BOGA ADIPERKASA Tbk,5.0,LOW
OMED,JAYAMAS MEDICA INDUSTRI Tbk,5.2,LOW
BPII,BATAVIA PROSPERINDO INTERNASIONAL Tbk,5.2,LOW
ABDA,ASURANSI BINA DANA ARTA Tbk,5.2,LOW
MORA,MORA TELEMATIKA INDONESIA Tbk,5.2,LOW
TIFA,KDB TIFA FINANCE Tbk,5.3,LOW
GHON,GIHON TELEKOMUNIKASI INDONESIA Tbk,5.3,LOW
PORT,NUSANTARA PELABUHAN HANDAL Tbk,5.4,LOW
INRU,TOBA PULP LESTARI Tbk,5.4,LOW
CRSN,CARSURIN Tbk,5.5,LOW
INDR,INDO-RAMA SYNTHETICS Tbk,5.5,LOW
SAPX,SATRIA ANTARAN PRIMA Tbk,5.5,LOW
VOKS,VOKSEL ELECTRIC Tbk,5.5,LOW
SHIP,SILLO MARITIME PERDANA Tbk,5.7,LOW
EPMT,ENSEVAL PUTERA MEGATRADING Tbk,5.8,LOW
TAMU,PELAYARAN TAMARIN SAMUDRA Tbk,5.8,LOW
DNAR,BANK OKE INDONESIA Tbk,5.8,LOW
SSMS,SAWIT SUMBERMAS SARANA Tbk,5.8,LOW
MBAP,MITRABARA ADIPERDANA Tbk,5.9,LOW
CITY,NATURA CITY DEVELOPMENTS Tbk,5.9,LOW
NEST,ESTA INDONESIA Tbk,5.9,LOW
PGEO,PERTAMINA GEOTHERMAL ENERGY Tbk,6.0,LOW
GLOB,GLOBE KITA TERANG Tbk,6.0,LOW
IKBI,SUMI INDO KABEL Tbk,6.0,LOW
TRGU,CERESTAR INDONESIA Tbk,6.0,LOW
DEPO,CATURKARDA DEPO BANGUNAN Tbk,6.1,LOW
ELPI,PELAYARAN NASIONAL EKALYA PURNAMASARI Tbk,6.1,LOW
KEJU,MULIA BOGA RAYA Tbk,6.1,LOW
BNLI,BANK PERMATA Tbk,6.1,LOW
DART,DUTA ANGGADA REALTY Tbk,6.2,LOW
SRAJ,SEJAHTERARAYA ANUGRAHJAYA Tbk,6.3,LOW
LINK,LINK NET Tbk,6.3,LOW
BBSI,KROM BANK INDONESIA Tbk,6.3,LOW
ALMI,ALUMINDO LIGHT METAL INDUSTRY Tbk,6.4,LOW
MGLV,PANCA ANUGRAH WISESA Tbk,6.5,LOW
MLIA,MULIA INDUSTRINDO Tbk,6.5,LOW
CNMA,NUSANTARA SEJAHTERA RAYA Tbk,6.5,LOW
ADMF,ADIRA DINAMIKA MULTI FINANCE Tbk,6.6,LOW
MMLP,MEGA MANUNGGAL PROPERTY Tbk,6.6,LOW
BINO,PERMA PLASINDO Tbk,6.7,LOW
KOBX,KOBEXINDO TRACTORS Tbk,6.7,LOW
SIPD,SREEYA SEWU INDONESIA Tbk,6.7,LOW
GMFI,GARUDA MAINTENANCE FACILITY AERO ASIA Tbk,6.8,LOW
RISE,JAYA SUKSES MAKMUR SENTOSA Tbk,6.8,LOW
SKRN,SUPERKRANE MITRA UTAMA Tbk,6.8,LOW
BDMN,BANK DANAMON INDONESIA Tbk,6.9,LOW
SILO,SILOAM INTERNATIONAL HOSPITALS Tbk,6.9,LOW
SAFE,STEADY SAFE Tbk,7.0,LOW
MCOL,PRIMA ANDALAN MANDIRI Tbk,7.0,LOW
PANI,PANTAI INDAH KAPUK DUA Tbk,7.1,LOW
GIAA,GARUDA INDONESIA (PERSERO) Tbk,7.1,LOW
SMMT,GOLDEN EAGLE ENERGY Tbk,7.1,LOW
GDYR,GOODYEAR INDONESIA Tbk,7.1,LOW
TBIG,TOWER BERSAMA INFRASTRUCTURE Tbk,7.2,LOW
BESS,BATULICIN NUSANTARA MARITIM Tbk,7.3,LOW
BBRM,PELAYARAN NASIONAL BINA BUANA RAYA Tbk,7.4,LOW
VINS,VICTORIA INSURANCE Tbk,7.4,LOW
BBHI,ALLO BANK INDONESIA Tbk,7.4,LOW
PSAB,J RESOURCES ASIA PASIFIK Tbk,7.5,LOW
FPNI,LOTTE CHEMICAL TITAN Tbk,7.5,LOW
BNGA,BANK CIMB NIAGA Tbk,7.5,LOW
AKSI,MINERAL SUMBERDAYA MANDIRI Tbk,7.5,LOW
HMSP,HANJAYA MANDALA SAMPOERNA Tbk,7.6,LOW
CMPP,AIRASIA INDONESIA Tbk,7.6,LOW
PNBS,BANK PANIN DUBAI SYARIAH Tbk,7.6,LOW
URBN,URBAN JAKARTA PROPERTINDO Tbk,7.7,LOW
MTEL,DAYAMITRA TELEKOMUNIKASI Tbk,7.7,LOW
BYAN,BAYAN RESOURCES Tbk,7.8,LOW
ERTX,ERATEX DJAJA Tbk,7.8,LOW
CENT,CENTRATAMA TELEKOMUNIKASI INDONESIA Tbk,7.8,LOW
SPMA,SUPARMA Tbk,7.9,LOW
EDGE,INDOINTERNET Tbk,7.9,LOW
BPTR,BATAVIA PROSPERINDO TRANS Tbk,8.0,LOW
FITT,HOTEL FITRA INTERNATIONAL Tbk,8.0,LOW
CEKA,WILMAR CAHAYA INDONESIA Tbk,8.0,LOW
IMJS,INDOMOBIL MULTI JASA Tbk,8.0,LOW
CUAN,PETRINDO JAYA KREASI Tbk,8.0,LOW
ARGO,ARGO PANTES Tbk,8.1,LOW
BPFI,WOORI FINANCE INDONESIA Tbk,8.1,LOW
NELY,PELAYARAN NELLY DWI PUTRI Tbk,8.2,LOW
IPOL,INDOPOLY SWAKARSA INDUSTRY Tbk,8.3,LOW
TDPM,TRIDOMAIN PERFORMANCE MATERIALS Tbk,8.3,LOW
BELI,GLOBAL DIGITAL NIAGA Tbk,8.3,LOW
MDIA,INTERMEDIA CAPITAL Tbk,8.3,LOW
KOPI,MITRA ENERGI PERSADA Tbk,8.3,LOW
BNBA,BANK BUMI ARTA Tbk,8.3,LOW
MYTX,ASIA PACIFIC INVESTAMA Tbk,8.4,LOW
BKSW,BANK QNB INDONESIA Tbk,8.4,LOW
AGRS,BANK IBK INDONESIA Tbk,8.5,LOW
AMAG,ASURANSI MULTI ARTHA GUNA Tbk,8.5,LOW
PTSN,SAT NUSAPERSADA Tbk,8.6,LOW
TRJA,TRANSKON JAYA Tbk,8.6,LOW
CSRA,CISADANE SAWIT RAYA Tbk,8.7,LOW
ADES,AKASHA WIRA INTERNATIONAL Tbk,8.7,LOW
NZIA,NUSANTARA ALMAZIA Tbk,8.7,LOW
ESTI,EVER SHINE TEXTILE INDUSTRY,8.8,LOW
YUPI,YUPI INDO JELLY GUM Tbk,8.8,LOW
TOTO,SURYA TOTO INDONESIA Tbk,8.8,LOW
MTSM,METRO REALTY Tbk,8.8,LOW
ACST,ACSET INDONUSA Tbk,8.8,LOW
CDIA,CHANDRA DAYA INVESTASI Tbk,9.0,LOW
ECII,ELECTRONIC CITY INDONESIA Tbk,9.0,LOW
IFII,INDONESIA FIBREBOARD INDUSTRY Tbk,9.1,LOW
BBMD,BANK MESTIKA DHARMA Tbk,9.1,LOW
KING,HOFFMEN CLEANINDO Tbk,9.2,LOW
SGRO,PRIME AGRI RESOURCES Tbk,9.2,LOW
BSSR,BARAMULTI SUKSESSARANA Tbk,9.3,LOW
BELL,TRISULA TEXTILE INDUSTRIES Tbk,9.3,LOW
SOHO,SOHO GLOBAL HEALTH Tbk,9.3,LOW
KOIN,KOKOH INTI AREBAMA Tbk,9.4,LOW
IPAC,ERA GRAHAREALTY Tbk,9.4,LOW
KLIN,KLINKO KARYA IMAJI Tbk,9.4,LOW
ESTA,ESTA MULTI USAHA Tbk,9.4,LOW
RELI,RELIANCE SEKURITAS INDONESIA Tbk,9.5,LOW
GOLD,VISI TELEKOMUNIKASI INFRASTRUKTUR Tbk,9.5,LOW
TSPC,TEMPO SCAN PACIFIC Tbk,9.5,LOW
INDS,INDOSPRING Tbk,9.5,LOW
VICI,VICTORIA CARE INDONESIA Tbk,9.5,LOW
TALF,TUNAS ALFIN Tbk,9.6,LOW
MLBI,MULTI BINTANG INDONESIA Tbk,9.6,LOW
MASB,BANK MULTIARTA SENTOSA Tbk,9.6,LOW
MKTR,MENTHOBI KARYATAMA RAYA Tbk,9.7,LOW
BREN,BARITO RENEWABLES ENERGY Tbk,9.8,LOW
CNTX,CENTEX Tbk,9.9,LOW
WIKA,WIJAYA KARYA (PERSERO) Tbk,9.9,LOW
INPP,INDONESIAN PARADISE PROPERTY Tbk,9.9,LOW
BRIS,BANK SYARIAH INDONESIA Tbk,9.9,LOW
BSBK,WULANDARI BANGUN LAKSANA Tbk,10.0,LOW
PJAA,PEMBANGUNAN JAYA ANCOL Tbk,10.0,LOW
ADCP,ADHI COMMUTER PROPERTI Tbk,10.0,LOW
MERK,MERCK Tbk,10.0,LOW
BSIM,BANK SINAR MAS Tbk,10.0,LOW
CASA,CAPITAL FINANCIAL INDONESIA Tbk,10.1,LOW
PDES,DESTINASI TIRTA NUSANTARA Tbk,10.1,LOW
KAEF,KIMIA FARMA Tbk,10.2,LOW
ASBI,ASURANSI BINTANG Tbk,10.3,LOW
MGNA,MAGNA INVESTAMA MANDIRI Tbk,10.3,LOW
TIRA,TIRA AUSTENITE Tbk,10.4,LOW
MEGA,BANK MEGA Tbk,10.4,LOW
BBSS,BUMI BENOWO SUKSES SEJAHTERA Tbk,10.5,LOW
JRPT,JAYA REAL PROPERTY Tbk,10.5,LOW
YPAS,YANAPRIMA HASTAPERSADA Tbk,10.5,LOW
FISH,FKS MULTI AGRO Tbk,10.5,LOW
JARR,JHONLIN AGRO RAYA Tbk,10.6,LOW
ETWA,ETERINDO WAHANATAMA Tbk,10.7,LOW
AMMN,AMMAN MINERAL INTERNASIONAL Tbk,10.8,LOW
RMKE,RMK ENERGY Tbk,10.9,LOW
BBLD,BUANA FINANCE Tbk,10.9,LOW
SRTG,SARATOGA INVESTAMA SEDAYA Tbk,11.0,LOW
RSCH,CHARLIE HOSPITAL SEMARANG Tbk,11.0,LOW
LPCK,LIPPO CIKARANG Tbk,11.0,LOW
PSAT,PANCARAN SAMUDERA TRANSPORT Tbk,11.0,LOW
PBSA,PARAMITA BANGUN SARANA Tbk,11.1,LOW
SAME,SARANA MEDITAMA METROPOLITAN Tbk,11.1,LOW
IGAR,CHAMPION PACIFIC INDONESIA Tbk,11.1,LOW
TPIA,CHANDRA ASRI PACIFIC Tbk,11.2,LOW
IDPR,INDONESIA PONDASI RAYA Tbk,11.3,LOW
HATM,HABCO TRANS MARITIMA Tbk,11.3,LOW
CBDK,BANGUN KOSAMBI SUKSES Tbk,11.4,LOW
CAKK,CAHAYAPUTRA ASA KERAMIK Tbk,11.4,LOW
DSSA,DIAN SWASTATIKA SENTOSA Tbk,11.4,LOW
VICO,VICTORIA INVESTAMA Tbk,11.4,LOW
BLES,SUPERIOR PRIMA SUKSES Tbk,11.4,LOW
SCMA,SURYA CITRA MEDIA Tbk,11.4,LOW
PTMR,MASTER PRINT Tbk,11.5,LOW
APLI,ASIAPLAST INDUSTRIES Tbk,11.6,LOW
NISP,BANK OCBC NISP Tbk,11.6,LOW
FORU,FORTUNE INDONESIA Tbk,11.6,LOW
BEER,JOBUBU JARUM MINAHASA Tbk,11.8,LOW
SKBM,SEKAR BUMI Tbk,11.8,LOW
ALKA,ALAKASA INDUSTRINDO Tbk,11.8,LOW
GDST,GUNAWAN DIANJAYA STEEL Tbk,11.8,LOW
RLCO,ABADI LESTARI INDONESIA Tbk,11.8,LOW
BIKE,SEPEDA BERSAMA INDONESIA Tbk,11.9,LOW
WMPP,WIDODO MAKMUR PERKASA Tbk,12.0,LOW
MSTI,MASTERSYSTEM INFOTAMA Tbk,12.0,LOW
RAAM,TRIPAR MULTIVSION PLUS Tbk,12.0,LOW
SURI,MAJA AGUNG LATEXINDO Tbk,12.0,LOW
IRRA,ITAMA RANORAYA Tbk,12.1,LOW
MPRO,MAHA PROPERTI INDONESIA Tbk,12.1,LOW
INPC,BANK ARTHA GRAHA INTERNASIONAL Tbk,12.1,LOW
FMII,FORTUNE MATE INDONESIA Tbk,12.1,LOW
TBMS,TEMBAGA MULIA SEMANAN Tbk,12.1,LOW
ADMR,ALAMTRI MINERALS INDONESIA Tbk,12.2,LOW
BIMA,PRIMARINDO ASIA INFRASTRUCTURE Tbk,12.3,LOW
IPCM,JASA ARMADA INDONESIA Tbk,12.3,LOW
MTWI,MALACCA TRUST WUWUNGAN INSURANCE Tbk,12.4,LOW
SAMF,SARASWANTI ANUGERAH MAKMUR Tbk,12.4,LOW
POWR,CIKARANG LISTRINDO Tbk,12.4,LOW
DWGL,DWI GUNA LAKSANA Tbk,12.6,LOW
AXIO,TERA DATA INDONUSA Tbk,12.6,LOW
BLOG,TRIMITRA TRANS PERSADA Tbk,12.6,LOW
PNBN,BANK PAN INDONESIA Tbk,12.6,LOW
HALO,HALONI JANE Tbk,12.7,LOW
LCKM,LCK GLOBAL KEDATON Tbk,12.8,LOW
VTNY,VENTENY FORTUNA INTERNATIONAL Tbk,12.8,LOW
CLEO,SARIGUNA PRIMATIRTA Tbk,12.8,LOW
LMPI,LANGGENG MAKMUR INDUSTRI Tbk,12.9,LOW
TFAS,TELEFAST INDONESIA Tbk,13.0,LOW
AGRO,BANK RAYA INDONESIA Tbk,13.2,LOW
INPS,INDAH PRAKASA SENTOSA Tbk,13.3,LOW
ASDM,ASURANSI DAYIN MITRA Tbk,13.4,LOW
ASRM,ASURANSI RAMAYANA Tbk,13.4,LOW
ADMG,POLYCHEM INDONESIA Tbk,13.5,LOW
UCID,UNI-CHARM INDONESIA Tbk,13.5,LOW
BABP,BANK MNC INTERNASIONAL Tbk,13.7,LOW
AMFG,ASAHIMAS FLAT GLASS Tbk,13.8,LOW
BATA,SEPATU BATA Tbk,13.8,LOW
KDTN,PURI SENTUL PERMAI Tbk,13.9,LOW
HERO,DFI RETAIL NUSANTARA Tbk,13.9,LOW
KKGI,RESOURCE ALAM INDONESIA Tbk,14.0,LOW
AUTO,ASTRA OTOPARTS Tbk,14.0,LOW
BISI,BISI INTERNATIONAL Tbk,14.1,LOW
MYOR,MAYORA INDAH Tbk,14.2,LOW
OCAP,ONIX CAPITAL Tbk,14.2,LOW
MTMH,MURNI SADAR Tbk,14.3,LOW
MKAP,MULTIKARYA ASIA PASIFIK RAYA Tbk,14.3,LOW
GWSA,GREENWOOD SEJAHTERA Tbk,14.3,LOW
NOBU,BANK NATIONALNOBU Tbk,14.4,LOW
MIKA,MITRA KELUARGA KARYASEHAT Tbk,14.4,LOW
FORE,FORE KOPI INDONESIA Tbk,14.5,LOW
CBPE,CITRA BUANA PRASIDA Tbk,14.6,LOW
HRME,MENTENG HERITAGE REALTY Tbk,14.6,LOW
AVIA,AVIA AVIAN Tbk,14.6,LOW
MINE,SINAR TERANG MANDIRI Tbk,14.7,LOW
ISAT,INDOSAT Tbk,14.8,LOW
APII,ARITA PRIMA INDONESIA Tbk,14.8,LOW
SHID,HOTEL SAHID JAYA INTERNATIONAL Tbk,15.0,LOW
TRIO,TRIKOMSEL OKE Tbk,15.0,LOW
SDPC,MILLENNIUM PHARMACON INTERNATIONAL Tbk,15.0,LOW
SMKL,SATYAMITRA KEMAS LESTARI Tbk,15.0,MID
UNVR,UNILEVER INDONESIA Tbk,15.0,MID
JATI,INFORMASI TEKNOLOGI INDONESIA Tbk,15.1,MID
PEVE,PENTA VALENT Tbk,15.1,MID
GTSI,GTS INTERNASIONAL Tbk,15.2,MID
KINO,KINO INDONESIA Tbk,15.3,MID
LUCY,LIMA DUA LIMA TIGA Tbk,15.3,MID
DLTA,DELTA DJAKARTA Tbk,15.4,MID
SCCO,SUPREME CABLE MANUFACTURING & COMMERCE Tbk,15.4,MID
NICK,CHARNIC CAPITAL Tbk,15.5,MID
LPGI,LIPPO GENERAL INSURANCE Tbk,15.5,MID
PSGO,PALMA SERASIH Tbk,15.5,MID
BALI,BALI TOWERINDO SENTRA Tbk,15.5,MID
SSTM,SUNSON TEXTILE MANUFACTURER Tbk,15.5,MID
JSPT,JAKARTA SETIABUDI INTERNASIONAL Tbk,15.6,MID
SCNP,SELARAS CITRA NUSANTARA PERKASA Tbk,15.6,MID
TKIM,PABRIK KERTAS TJIWI KIMIA Tbk,15.6,MID
CSIS,CAHAYASAKTI INVESTINDO SUKSES Tbk,15.7,MID
SOCI,SOECHI LINES Tbk,15.8,MID
BBKP,BANK KB INDONESIA Tbk,16.1,MID
CAMP,CAMPINA ICE CREAM INDUSTRY Tbk,16.1,MID
APLN,AGUNG PODOMORO LAND Tbk,16.2,MID
ARCI,ARCHI INDONESIA Tbk,16.3,MID
TMAS,TEMAS Tbk,16.3,MID
CASS,CAHAYA AERO SERVICES Tbk,16.3,MID
KDSI,KEDAWUNG SETIA INDUSTRIAL Tbk,16.5,MID
AREA,DUNIA VIRTUAL ONLINE Tbk,16.6,MID
LTLS,LAUTAN LUAS Tbk,16.6,MID
MKPI,METROPOLITAN KENTJANA Tbk,16.7,MID
CCSI,COMMUNICATION CABLE SYSTEMS INDONESIA Tbk,16.7,MID
MARK,MARK DYNAMICS INDONESIA Tbk,16.8,MID
WOOD,INTEGRA INDOCABINET Tbk,16.9,MID
AKPI,ARGHA KARYA PRIMA INDUSTRY Tbk,16.9,MID
DGNS,DIAGNOS LABORATORIUM UTAMA Tbk,17.0,MID
PTIS,INDO STRAITS Tbk,17.0,MID
CYBR,ITSEC ASIA Tbk,17.1,MID
BAYU,BAYU BUANA Tbk,17.1,MID
PPRE,PP PRESISI Tbk,17.1,MID
ABMM,ABM INVESTAMA Tbk,17.4,MID
PMUI,PRIMA MULTI USAHA INDONESIA Tbk,17.4,MID
MBSS,MITRABAHTERA SEGARA SEJATI Tbk,17.5,MID
HRUM,HARUM ENERGY Tbk,17.5,MID
SFAN,SURYA FAJAR CAPITAL Tbk,17.5,MID
DMAS,PURADELTA LESTARI Tbk,17.7,MID
EKAD,EKADHARMA INTERNATIONAL Tbk,17.7,MID
PGJO,BAHTERA BUMI RAYA Tbk,17.7,MID
CPIN,CHAROEN POKPHAND INDONESIA Tbk,17.8,MID
MDLA,MEDELA POTENTIA Tbk,17.8,MID
KBLM,KABELINDO MURNI Tbk,17.8,MID
PSKT,RED PLANET INDONESIA Tbk,17.8,MID
BWPT,EAGLE HIGH PLANTATIONS Tbk,18.0,MID
MIDI,MIDI UTAMA INDONESIA Tbk,18.0,MID
RIGS,RIG TENDERS INDONESIA Tbk,18.0,MID
FWCT,WIJAYA CAHAYA TIMBER Tbk,18.1,MID
BMSR,BINTANG MITRA SEMESTARAYA Tbk,18.2,MID
TCPI,TRANSCOAL PACIFIC Tbk,18.2,MID
BRPT,BARITO PACIFIC Tbk,18.3,MID
EURO,ESTEE GOLD FEET Tbk,18.3,MID
LPIN,MULTI PRIMA SEJAHTERA Tbk,18.3,MID
RONY,ARACORD NUSANTARA GROUP Tbk,18.4,MID
FAST,FAST FOOD INDONESIA Tbk,18.4,MID
AMAN,MAKMUR BERKAH AMANDA Tbk,18.5,MID
BHAT,BHAKTI MULTI ARTHA Tbk,18.5,MID
BVIC,BANK VICTORIA INTERNATIONAL Tbk,18.5,MID
PZZA,SARIMELATI KENCANA Tbk,18.6,MID
CINT,CHITOSE INTERNASIONAL Tbk,18.8,MID
SONA,SONA TOPAS TOURISM INDUSTRY Tbk,18.8,MID
SIMP,SALIM IVOMAS PRATAMA Tbk,18.8,MID
TMPO,TEMPO INTI MEDIA Tbk,18.9,MID
HAJJ,ARSY BUANA TRAVELINDO Tbk,19.0,MID
MGRO,MAHKOTA GROUP Tbk,19.0,MID
STAR,BUANA ARTHA ANUGERAH Tbk,19.0,MID
WAPO,WAHANA PRONATURAL Tbk,19.0,MID
ITMA,SUMBER ENERGI ANDALAN Tbk,19.1,MID
KICI,KEDAUNG INDAH CAN Tbk,19.2,MID
INAF,INDOFARMA Tbk,19.3,MID
MTRA,MITRA PEMUDA Tbk,19.3,MID
PNSE,PUDJIADI AND SONS Tbk,19.3,MID
WINE,HATTEN BALI Tbk,19.3,MID
INCO,VALE INDONESIA Tbk,19.4,MID
ULTJ,ULTRAJAYA MILK INDUSTRY AND TRADING COMPANY Tbk,19.4,MID
VKTR,VKTR TEKNOLOGI MOBILITAS Tbk,19.4,MID
ARKO,ARKORA HYDRO Tbk,19.5,MID
ICBP,INDOFOOD CBP SUKSES MAKMUR Tbk,19.5,MID
EXCL,XLSMART TELECOM SEJAHTERA Tbk,19.5,MID
LIVE,HOMECO VICTORIA MAKMUR Tbk,19.6,MID
MAXI,MAXINDO KARYA ANUGERAH Tbk,19.7,MID
BOAT,NEWPORT MARINE SERVICES Tbk,19.8,MID
DATA,REMALA ABADI Tbk,19.9,MID
MAYA,BANK MAYAPADA INTERNASIONAL Tbk,19.9,MID
MPXL,MPX LOGISTICS INTERNATIONAL Tbk,19.9,MID
SMIL,SARANA MITRA LUAS Tbk,19.9,MID
TYRE,KING TIRE INDONESIA Tbk,19.9,MID
AMMS,AGUNG MENJANGAN MAS Tbk,20.0,MID
ERAL,SINAR EKA SELARAS Tbk,20.0,MID
HUMI,HUMPUSS MARITIM INTERNASIONAL Tbk,20.0,MID
KRAS,KRAKATAU STEEL Tbk,20.0,MID
NPGF,NUSA PALAPA GEMILANG Tbk,20.0,MID
PTPW,PRATAMA WIDYA Tbk,20.0,MID
ATIC,ANABATIC TECHNOLOGIES Tbk,20.1,MID
CARE,METRO HEALTHCARE INDONESIA Tbk,20.1,MID
DGIK,NUSA KONSTRUKSI ENJINIRING Tbk,20.1,MID
IKPM,IKAPHARMINDO PUTRAMAS Tbk,20.1,MID
MITI,MITRA INVESTINDO Tbk,20.1,MID
AALI,ASTRA AGRO LESTARI Tbk,20.3,MID
AKKU,ANUGERAH KAGUM KARYA UTAMA Tbk,20.3,MID
BSDE,BUMI SERPONG DAMAI Tbk,20.3,MID
COIN,INDOKRIPTO KOIN SEMESTA Tbk,20.3,MID
ENAK,CHAMP RESTO INDONESIA Tbk,20.3,MID
AGAR,ASIA SEJAHTERA MINA Tbk,20.7,MID
BGTG,BANK GANESHA Tbk,20.7,MID
DKHH,CIPTA SARANA MEDIKA Tbk,20.8,MID
AISA,FKS FOOD SEJAHTERA Tbk,20.9,MID
HELI,JAYA TRISHINDO Tbk,20.9,MID
MSJA,MULTI SPUNINDO JAYA Tbk,20.9,MID
OKAS,ANCORA INDONESIA RESOURCES Tbk,20.9,MID
RATU,RAHARJA ENERGI CEPU Tbk,20.9,MID
APIC,PACIFIC STRATEGIC FINANCIAL Tbk,21.0,MID
MBMA,MERDEKA BATTERY MATERIALS Tbk,21.0,MID
KOCI,KOKOH EXA NUSANTARA Tbk,21.1,MID
BAIK,BERSAMA MENCAPAI PUNCAK Tbk,21.2,MID
BDKR,BERDIKARI PONDASI PERKASA Tbk,21.2,MID
BNBR,BAKRIE AND BROTHERS Tbk,21.2,MID
BIPP,BHUWANATALA INDAH PERMAI Tbk,21.3,MID
DMMX,DIGITAL MEDIATAMA MAXIMA Tbk,21.3,MID
HEXA,HEXINDO ADIPERKASA Tbk,21.3,MID
IDEA,IDEA INDONESIA AKADEMI Tbk,21.3,MID
MHKI,MULTI HANNA KREASINDO Tbk,21.4,MID
PTPS,PULAU SUBUR Tbk,21.5,MID
ACRO,SAMCRO HYOSUNG ADILESTARI Tbk,21.6,MID
ARTO,BANK JAGO Tbk,21.6,MID
AYAM,JANU PUTRA SEJAHTERA Tbk,21.6,MID
KAQI,JANTRA GRUPO INDONESIA Tbk,21.7,MID
MEDC,MEDCO ENERGI INTERNASIONAL Tbk,21.8,MID
OPMS,OPTIMA PRIMA METAL SINERGI Tbk,21.8,MID
TCID,MANDOM INDONESIA Tbk,21.8,MID
IMPC,IMPACK PRATAMA INDUSTRI Tbk,21.9,MID
POLA,POOL ADVISTA FINANCE Tbk,21.9,MID
MDKI,EMDEKI UTAMA Tbk,22.0,MID
MSIN,MNC DIGITAL ENTERTAINMENT Tbk,22.0,MID
IPCC,INDONESIA KENDARAAN TERMINAL Tbk,22.1,MID
RCCC,UTAMA RADAR CAHAYA Tbk,22.1,MID
TECH,INDOSTERLING TECHNOMEDIA Tbk,22.2,MID
VAST,VASTLAND INDONESIA Tbk,22.2,MID
SQMI,WILTON MAKMUR INDONESIA Tbk,22.3,MID
ASLC,AUTOPEDIA SUKSES LESTARI Tbk,22.4,MID
BACA,BANK CAPITAL INDONESIA Tbk,22.4,MID
NFCX,NFC INDONESIA Tbk,22.4,MID
ASJT,ASURANSI JASA TANIA Tbk,22.6,MID
BUVA,BUKIT ULUWATU VILLA Tbk,22.7,MID
MERI,MERRY RIANA EDUKASI Tbk,22.7,MID
LRNA,EKA SARI LORENA TRANSPORT Tbk,22.5,MID
RUNS,GLOBAL SUKSES SOLUSI Tbk,22.5,MID
SWAT,SRIWAHANA ADITYAKARTA Tbk,22.8,MID
PRDA,PRODIA WIDYAHUSADA Tbk,22.9,MID
TAPG,TRIPUTRA AGRO PERSADA Tbk,22.9,MID
KARW,MERATUS JASA PRIMA Tbk,23.0,MID
ASGR,ASTRA GRAPHIA Tbk,23.1,MID
ALII,ANCARA LOGISTICS INDONESIA Tbk,23.1,MID
FOOD,SENTRA FOOD INDONESIA Tbk,23.1,MID
GGRM,GUDANG GARAM Tbk,23.1,MID
TEBE,DANA BRATA LUHUR Tbk,23.1,MID
AWAN,ERA DIGITAL MEDIA Tbk,23.4,MID
WEHA,WEHA TRANSPORTASI INDONESIA Tbk,23.4,MID
EMAS,MERDEKA GOLD RESOURCES Tbk,23.3,MID
PTMP,MITRA PACK Tbk,23.3,MID
PURI,PURI GLOBAL SUKSES Tbk,23.2,MID
TRIN,PERINTIS TRINITI PROPERTI Tbk,23.2,MID
KETR,KETROSDEN TRIASMITRA Tbk,23.5,MID
PTRO,PETROSEA Tbk,23.5,MID
RAJA,RUKUN RAHARJA Tbk,23.5,MID
DEFI,DANASUPRA ERAPACIFIC Tbk,23.6,MID
PGLI,PEMBANGUNAN GRAHA LESTARI INDAH Tbk,23.6,MID
KBRI,KERTAS BASUKI RACHMAT INDONESIA Tbk,23.7,MID
TOWR,SARANA MENARA NUSANTARA Tbk,23.7,MID
UFOE,DAMAI SEJAHTERA ABADI Tbk,23.7,MID
VERN,VERONA INDAH PICTURES Tbk,23.8,MID
TOOL,ROHARTINDO NUSANTARA LUAS Tbk,23.9,MID
ATAP,TRIMITRA PRAWARA GOLDLAND Tbk,24.0,MID
CBMF,CAHAYA BINTANG MEDAN Tbk,24.0,MID
MRAT,MUSTIKA RATU Tbk,24.0,MID
TRIL,TRIWIRA INSANLESTARI Tbk,24.0,MID
INKP,INDAH KIAT PULP AND PAPER Tbk,24.1,MID
PPGL,PRIMA GLOBALINDO LOGISTIK Tbk,24.1,MID
IMAS,INDOMOBIL SUKSES INTERNASIONAL Tbk,24.2,MID
CHIP,PELITA TEKNOLOGI GLOBAL Tbk,24.3,MID
TRUE,TRINITI DINAMIK Tbk,24.3,MID
RALS,RAMAYANA LESTARI SENTOSA Tbk,24.4,MID
SMBR,SEMEN BATURAJA Tbk,24.5,MID
TRUS,TRUST FINANCE INDONESIA Tbk,24.5,MID
ITIC,INDONESIAN TOBACCO Tbk,24.6,MID
LABS,UBC MEDICAL INDONESIA Tbk,24.6,MID
LION,LION METAL WORKS Tbk,24.7,MID
LPLI,STAR PACIFIC Tbk,24.7,MID
LPPS,LENOX PASIFIK INVESTAMA Tbk,24.7,MID
GAMA,AKSARA GLOBAL DEVELOPMENT Tbk,24.8,MID
NIRO,CITY RETAIL DEVELOPMENTS Tbk,24.8,MID
IPTV,MNC VISION NETWORKS Tbk,24.9,MID
NIKL,PELAT TIMAH NUSANTARA Tbk,24.9,MID
SOLA,XOLARE RCR ENERGY Tbk,24.9,MID
ZBRA,DOSNI ROHA INDONESIA Tbk,24.9,MID
BCAP,MNC KAPITAL INDONESIA Tbk,25.1,MID
CANI,CAPITOL NUSANTARA INDONESIA Tbk,25.0,MID
IBFN,INTAN BARU PRANA Tbk,25.0,MID
MDRN,MODERN INTERNASIONAL Tbk,25.1,MID
PKPK,PARAGON KARYA PERKASA Tbk,25.0,MID
GEMA,GEMA GRAHASARANA Tbk,25.3,MID
KMDS,KURNIAMITRA DUTA SENTOSA Tbk,25.2,MID
PBID,PANCA BUDI IDAMAN Tbk,25.3,MID
BEEF,ESTIKA TATA TIARA Tbk,25.4,MID
INTP,INDOCEMENT TUNGGAL PRAKARSA Tbk,25.4,MID
WSKT,WASKITA KARYA (PERSERO) Tbk,25.4,MID
BTPS,BANK BTPN SYARIAH Tbk,25.5,MID
YOII,ASURANSI DIGITAL BERSAMA Tbk,25.5,MID
SMDR,SAMUDERA INDONESIA Tbk,25.6,MID
BUDI,BUDI STARCH & SWEETENER Tbk,25.9,MID
TFCO,TIFICO FIBER INDONESIA Tbk,25.9,MID
JECC,JEMBO CABLE COMPANY Tbk,26.1,MID
CBRE,CAKRA BUANA RESOURCES ENERGI Tbk,26.2,MID
JKON,JAYA KONSTRUKSI MANGGALA PRATAMA Tbk,26.2,MID
LPKR,LIPPO KARAWACI Tbk,26.0,MID
MCOR,BANK CHINA CONSTRUCTION BANK INDONESIA Tbk,26.2,MID
TOBA,TBS ENERGI UTAMA Tbk,26.2,MID
BTON,BETONJAYA MANUNGGAL Tbk,26.5,MID
EMDE,MEGAPOLITAN DEVELOPMENTS Tbk,26.3,MID
SRIL,SRI REJEKI ISMAN Tbk,26.3,MID
SPTO,SURYA PERTIWI Tbk,26.6,MID
PTDU,DJASA UBERSAKTI Tbk,26.7,MID
SMLE,SINERGI MULTI LESTARINDO Tbk,26.7,MID
SOFA,SOLUSI ENVIRONMENT ASIA Tbk,26.7,MID
DSFI,DHARMA SAMUDERA FISHING INDUSTRIES Tbk,26.8,MID
SOUL,MITRA TIRTA BUWANA Tbk,26.8,MID
AMOR,ASHMORE ASSET MANAGEMENT INDONESIA Tbk,26.9,MID
DPUM,DUA PUTRA UTAMA MAKMUR Tbk,26.9,MID
CSAP,CATUR SENTOSA ADIPRANA Tbk,27.1,MID
LPPF,MATAHARI DEPARTMENT STORE Tbk,27.1,MID
UANG,PAKUAN Tbk,27.3,MID
WEGE,WIJAYA KARYA BANGUNAN GEDUNG Tbk,27.4,MID
ALDO,ALKINDO NARATAMA Tbk,27.5,MID
JPFA,JAPFA COMFEED INDONESIA Tbk,27.5,MID
MUTU,MUTUAGUNG LESTARI Tbk,27.5,MID
TBLA,TUNAS BARU LAMPUNG Tbk,27.5,MID
SUPA,SUPER BANK INDONESIA Tbk,27.6,MID
BANK,BANK ALADIN SYARIAH Tbk,27.7,MID
DIVA,DISTRIBUSI VOUCHER NUSANTARA Tbk,27.7,MID
LAND,TRIMITRA PROPERTINDO Tbk,27.7,MID
OLIV,OSCAR MITRA SUKSES SEJAHTERA Tbk,27.8,MID
ISSP,STEEL PIPE INDUSTRY OF INDONESIA Tbk,28.0,MID
NICL,PAM MINERAL Tbk,28.0,MID
SMGA,SUMBER MINERAL GLOBAL ABADI Tbk,28.0,MID
ZATA,BERSAMA ZATTA JAYA Tbk,28.0,MID
BOBA,FORMOSA INGREDIENT FACTORY Tbk,28.1,MID
KPIG,MNC LAND Tbk,28.2,MID
CPRI,CAPRI NUSA SATU PROPERTI Tbk,28.8,MID
KLAS,PELAYARAN KURNIA LAUTAN SEMESTA Tbk,28.3,MID
PRIM,ROYAL PRIMA Tbk,28.3,MID
TELE,OMNI INOVASI INDONESIA Tbk,28.3,MID
CHEM,CHEMSTAR INDONESIA Tbk,28.6,MID
NASI,WAHANA INTI MAKMUR Tbk,28.7,MID
FOLK,MULTI GARAM UTAMA Tbk,28.4,MID
INAI,INDAL ALUMINIUM INDUSTRY Tbk,28.4,MID
NRCA,NUSA RAYA CIPTA Tbk,28.5,MID
VISI,SATU VISI PUTRA Tbk,28.5,MID
GRIA,INGRIA PRATAMA CAPITALINDO Tbk,28.9,MID
IBOS,INDO BOGA SUKSES Tbk,28.9,MID
TIRT,TIRTA MAHAKAM RESOURCES Tbk,28.9,MID
ZYRX,ZYREXINDO MANDIRI BUANA Tbk,28.9,MID
BMHS,BUNDAMEDIK Tbk,29.4,MID
GGRP,GUNUNG RAJA PAKSI Tbk,29.4,MID
GRPM,GRAHA PRIMA MENTARI Tbk,29.5,MID
BOLT,GARUDA METALINDO Tbk,29.6,MID
DCII,DCI INDONESIA Tbk,29.6,MID
KUAS,ACE OLDFIELDS Tbk,29.6,MID
POLY,ASIA PACIFIC FIBERS Tbk,29.6,MID
DOOH,ERA MEDIA SEJAHTERA Tbk,29.7,MID
GRPH,GRIPTHA PUTRA PERSADA Tbk,29.8,MID
JTPE,JASUINDO TIGA PERKASA Tbk,29.3,MID
HRTA,HARTADINATA ABADI Tbk,29.0,MID
CGAS,CITRA NUSANTARA GEMILANG Tbk,30.0,HIGH
SAGE,SAPTAUSAHA GEMILANGINDAH Tbk,30.0,HIGH
ELIT,DATA SINERGITAMA JAYA Tbk,30.1,HIGH
GTRA,GRAHAPRIMA SUKSESMANDIRI Tbk,30.1,HIGH
MAPA,MAP AKTIF ADIPERKASA Tbk,30.1,HIGH
MTPS,META EPSI Tbk,30.1,HIGH
AYLS,AGRO YASA LESTARI Tbk,30.3,HIGH
BAUT,MITRA ANGKASA SEJAHTERA Tbk,30.2,HIGH
PAMG,BIMA SAKTI PERTIWI Tbk,30.2,HIGH
POSA,BLISS PROPERTI INDONESIA Tbk,30.2,HIGH
JSMR,JASA MARGA (PERSERO) Tbk,30.7,HIGH
TGUK,PLATINUM WAHAB NUSANTARA Tbk,30.7,HIGH
ISEA,INDO AMERICAN SEAFOODS Tbk,30.8,HIGH
ABBA,MAHAKA MEDIA Tbk,30.9,HIGH
PNLF,PANIN FINANCIAL Tbk,30.9,HIGH
MREI,MASKAPAI REASURANSI INDONESIA Tbk,31.0,HIGH
BKDP,BUKIT DARMO PROPERTY Tbk,31.2,HIGH
UNIT,CAHAYA PERMATA SEJAHTERA Tbk,31.2,HIGH
ARII,ATLAS RESOURCES Tbk,31.3,HIGH
PICO,PELANGI INDAH CANINDO Tbk,31.3,HIGH
PWON,PAKUWON JATI Tbk,31.3,HIGH
BKSL,SENTUL CITY Tbk,31.4,HIGH
ENZO,MORENZO ABADI PERKASA Tbk,31.4,HIGH
PUDP,PUDJIADI PRESTIGE Tbk,31.4,HIGH
BHIT,MNC ASIA HOLDING Tbk,31.5,HIGH
MICE,MULTI INDOCITRA Tbk,31.5,HIGH
SMMA,SINAR MAS MULTIARTHA Tbk,31.6,HIGH
PYFA,PYRIDAM FARMA Tbk,31.7,HIGH
SUNI,SUNINDO PRATAMA Tbk,31.7,HIGH
VIVA,VISI MEDIA ASIA Tbk,31.7,HIGH
NSSS,NUSANTARA SAWIT SEJAHTERA Tbk,31.8,HIGH
ZONE,MEGA PERINTIS Tbk,31.8,HIGH
AKRA,AKR CORPORINDO Tbk,31.9,HIGH
SDMU,SIDOMULYO SELARAS Tbk,31.9,HIGH
WINR,WINNER NUSANTARA JAYA Tbk,31.9,HIGH
ASPR,ASIA PRAMULIA Tbk,32.0,HIGH
PSDN,PRASIDHA ANEKA NIAGA Tbk,32.0,HIGH
INOV,INOCYCLE TECHNOLOGY GROUP Tbk,32.1,HIGH
BUKA,BUKALAPAK.COM Tbk,32.3,HIGH
UNIC,UNGGUL INDAH CAHAYA Tbk,32.3,HIGH
SICO,SIGMA ENERGY COMPRESSINDO Tbk,32.4,HIGH
ARNA,ARWANA CITRAMULIA Tbk,32.5,HIGH
CHEK,DIASTIKA BIOTEKINDO Tbk,32.5,HIGH
DPNS,DUTA PERTIWI NUSANTARA,32.5,HIGH
KOKA,KOKA INDONESIA Tbk,32.5,HIGH
LAJU,JASA BERDIKARI LOGISTICS Tbk,32.6,HIGH
DOSS,GLOBAL SUKSES DIGITAL Tbk,32.8,HIGH
LOPI,LOGISTICSPLUS INTERNATIONAL Tbk,32.9,HIGH
JAYA,ARMADA BERJAYA TRANS Tbk,33.2,HIGH
MAIN,MALINDO FEEDMILL Tbk,33.1,HIGH
MBTO,MARTINA BERTO Tbk,33.2,HIGH
MYOH,SAMINDO RESOURCES Tbk,33.2,HIGH
PANR,PANORAMA SENTRAWISATA Tbk,33.2,HIGH
PLAN,PLANET PROPERINDO JAYA Tbk,33.2,HIGH
BRNA,BERLINA Tbk,33.2,HIGH
SEMA,SEMACOM INTEGRATED Tbk,33.2,HIGH
ACES,ASPIRASI HIDUP INDONESIA Tbk,33.4,HIGH
TRST,TRIAS SENTOSA Tbk,33.4,HIGH
ITMG,INDO TAMBANGRAYA MEGAH Tbk,33.5,HIGH
DKFT,CENTRAL OMEGA RESOURCES Tbk,33.6,HIGH
SWID,SARASWANTI INDOLAND DEVELOPMENT Tbk,33.7,HIGH
JMAS,ASURANSI JIWA SYARIAH JASA MITRA ABADI Tbk,33.8,HIGH
TPMA,TRANS POWER MARINE Tbk,33.8,HIGH
BEKS,BANK PEMBANGUNAN DAERAH BANTEN Tbk,33.9,HIGH
BUAH,SEGAR KUMALA INDONESIA Tbk,33.9,HIGH
FILM,MD ENTERTAINMENT Tbk,33.9,HIGH
STRK,LOVINA BEACH BREWERY Tbk,33.9,HIGH
TARA,AGUNG SEMESTA SEJAHTERA Tbk,33.9,HIGH
TINS,TIMAH Tbk,33.9,HIGH
WGSH,WIRA GLOBAL SOLUSI Tbk,33.3,HIGH
BIKA,BINAKARYA JAYA ABADI Tbk,34.1,HIGH
INDY,INDIKA ENERGY Tbk,34.1,HIGH
MMIX,MULTI MEDIKA INTERNASIONAL Tbk,34.1,HIGH
NASA,ANDALAN PERKASA ABADI Tbk,34.1,HIGH
PTBA,BUKIT ASAM Tbk,34.1,HIGH
MAGP,MULTI AGRO GEMILANG PLANTATION Tbk,34.2,HIGH
UNTR,UNITED TRACTORS Tbk,34.3,HIGH
BJTM,BANK PEMBANGUNAN DAERAH JAWA TIMUR Tbk,34.4,HIGH
HBAT,MINAHASA MEMBANGUN HEBAT Tbk,34.4,HIGH
PNIN,PANINVEST Tbk,34.5,HIGH
KLBF,KALBE FARMA Tbk,34.6,HIGH
SINI,SINGARAJA PUTRA Tbk,34.8,HIGH
ANTM,ANEKA TAMBANG Tbk,35.0,HIGH
PPRO,PP Properti Tbk,35.0,HIGH
TRON,TEKNOLOGI KARYA DIGITAL NUSA Tbk,35.0,HIGH
AADI,ADARO ANDALAN INDONESIA Tbk,35.2,HIGH
GLVA,GALVA TECHNOLOGIES Tbk,35.2,HIGH
ERAA,ERAJAYA SWASEMBADA Tbk,35.3,HIGH
CMNP,CITRA MARGA NUSAPHALA PERSADA Tbk,35.7,HIGH
DRMA,DHARMA POLIMETAL Tbk,35.7,HIGH
MTFN,CAPITALINC INVESTMENT Tbk,35.8,HIGH
DIGI,ARKADIA DIGITAL MEDIA Tbk,35.9,HIGH
ESIP,SINERGI INTI PLASTINDO Tbk,36.1,HIGH
ASLI,ASRI KARYA LESTARI Tbk,36.1,HIGH
PMMP,PANCA MITRA MULTIPERDANA Tbk,35.6,HIGH
RUIS,RADIANT UTAMA INTERINSCO Tbk,36.1,HIGH
WTON,WIJAYA KARYA BETON Tbk,36.0,HIGH
BTEL,BAKRIE TELECOM Tbk,36.6,HIGH
IRSX,FOLAGO GLOBAL NUSANTARA Tbk,36.6,HIGH
TLDN,TELADAN PRIMA AGRO Tbk,36.6,HIGH
MPMX,MITRA PINASTHIKA MUSTIKA Tbk,36.2,HIGH
BJBR,BANK JABAR BANTEN Tbk,36.9,HIGH
MPPA,MATAHARI PUTRA PRIMA Tbk,36.9,HIGH
SOTS,SATRIA MEGA KENCANA Tbk,36.8,HIGH
STTP,SIANTAR TOP Tbk,37.0,HIGH
GZCO,GOZCO PLANTATIONS Tbk,37.1,HIGH
MEDS,HETZER MEDICAL INDONESIA Tbk,37.1,HIGH
OBAT,BRIGIT BIOFARMAKA TEKNOLOGI Tbk,37.1,HIGH
SBMA,SURYA BIRU MURNI ACETYLENE Tbk,37.1,HIGH
INDX,TANAH LAUT Tbk,37.3,HIGH
AHAP,ASURANSI HARTA AMAN PRATAMA Tbk,37.4,HIGH
FUJI,FUJI FINANCE INDONESIA Tbk,37.4,HIGH
TUGU,ASURANSI TUGU PRATAMA INDONESIA Tbk,37.4,HIGH
JGLE,GRAHA ANDRASENTRA PROPERTINDO Tbk,37.2,HIGH
SGER,SUMBER GLOBAL ENERGY Tbk,37.2,HIGH
BUMI,BUMI RESOURCES Tbk,37.7,HIGH
AIMS,ARTHA MAHIYA INVESTAMA Tbk,37.7,HIGH
DSNG,DHARMA SATYA NUSANTARA Tbk,37.5,HIGH
GUNA,GUNANUSA ERAMANDIRI Tbk,37.5,HIGH
JIHD,JAKARTA INTERNATIONAL HOTELS & DEVELOPMENT Tbk,37.5,HIGH
MLPL,MULTIPOLAR Tbk,37.5,HIGH
REAL,REPOWER ASIA INDONESIA Tbk,37.7,HIGH
MSIE,MULTISARANA INTAN EDUKA Tbk,37.9,HIGH
AMRT,SUMBER ALFARIA TRIJAYA Tbk,37.8,HIGH
ASRI,ALAM SUTERA REALTY Tbk,38.4,HIGH
BFIN,BFI FINANCE INDONESIA Tbk,38.5,HIGH
COCO,WAHANA INTERFOOD NUSANTARA Tbk,38.1,HIGH
CPRO,CENTRAL PROTEINAPRIMA Tbk,38.0,HIGH
NAYZ,HASSANA BOGA SEJAHTERA Tbk,38.0,HIGH
TRIS,TRISULA INTERNATIONAL Tbk,38.0,HIGH
IATA,MNC ENERGY INVESTMENTS Tbk,38.6,HIGH
PANS,PANIN SEKURITAS Tbk,38.6,HIGH
BUKK,BUKAKA TEKNIK UTAMA Tbk,38.7,HIGH
GPRA,PERDANA GAPURAPRIMA Tbk,39.0,HIGH
ALTO,TRI BANYAN TIRTA Tbk,39.1,HIGH
BIPI,ASTRINDO NUSANTARA INFRASTRUKTUR Tbk,39.3,HIGH
CRAB,TOBA SURIMI INDUSTRIES Tbk,39.3,HIGH
TRIM,TRIMEGAH SEKURITAS INDONESIA Tbk,39.3,HIGH
CASH,CASHLEZ WORLDWIDE INDONESIA Tbk,39.6,HIGH
GJTL,GAJAH TUNGGAL Tbk,39.5,HIGH
BEST,BEKASI FAJAR INDUSTRIAL ESTATE Tbk,39.8,HIGH
TRUK,GUNA TIMUR RAYA Tbk,39.8,HIGH
PART,CIPTA PERDANA LANCAR Tbk,39.7,HIGH
HOKI,BUYUNG POETRA SEMBADA Tbk,40.0,HIGH
MCAS,M CASH INTEGRASI Tbk,40.1,HIGH
MPIX,MITRA PEDAGANG INDONESIA Tbk,40.0,HIGH
PADA,PERSONEL ALIH DAYA Tbk,40.1,HIGH
PALM,PROVIDENT INVESTASI BERSAMA Tbk,40.1,HIGH
PBRX,PAN BROTHERS Tbk,40.1,HIGH
DOID,BUMA INTERNASIONAL GRUP Tbk,40.4,HIGH
FIRE,ALFA ENERGI INVESTAMA Tbk,40.4,HIGH
HOPE,HARAPAN DUTA PERTIWI Tbk,40.4,HIGH
TOTL,TOTAL BANGUN PERSADA Tbk,40.2,HIGH
BMRI,BANK MANDIRI (PERSERO) Tbk,40.5,HIGH
DYAN,DYANDRA MEDIA INTERNATIONAL Tbk,40.5,HIGH
LSIP,PP LONDON SUMATRA INDONESIA Tbk,40.5,HIGH
INET,SINERGI INTI ANDALAN PRIMA Tbk,40.6,HIGH
CMRY,CISARUA MOUNTAIN DAIRY Tbk,40.8,HIGH
KEEN,KENCANA ENERGI LESTARI Tbk,40.9,HIGH
TNCA,TRIMUDA NUANSA CITRA Tbk,40.9,HIGH
BBYB,BANK NEO COMMERCE Tbk,41.3,HIGH
BINA,BANK INA PERDANA Tbk,41.3,HIGH
HILL,HILLCON Tbk,41.0,HIGH
MDIY,DAYA INTIGUNA YASA Tbk,41.3,HIGH
CLPI,COLORPAK INDONESIA Tbk,41.6,HIGH
AMIN,ATELIERS MECANIQUES D'INDONESIE Tbk,41.6,HIGH
CTRA,CIPUTRA DEVELOPMENT Tbk,41.5,HIGH
KBAG,KARYA BERSAMA ANUGERAH Tbk,41.7,HIGH
CSMI,CIPTA SELERA MURNI Tbk,41.7,HIGH
MOLI,MADUSARI MURNI INDAH Tbk,41.4,HIGH
MTLA,METROPOLITAN LAND Tbk,41.4,HIGH
PGAS,PERUSAHAAN GAS NEGARA (PERSERO) Tbk,41.8,HIGH
SULI,SLJ GLOBAL Tbk,41.8,HIGH
RBMS,RISTIA BINTANG MAHKOTASEJATI Tbk,42.1,HIGH
RODA,PIKKO LAND DEVELOPMENT Tbk,42.0,HIGH
NANO,NANOTECH INDONESIA GLOBAL Tbk,42.2,HIGH
WIDI,WIDIANT JAYA KRENINDO Tbk,42.2,HIGH
BAPI,BHAKTI AGUNG PROPERTINDO Tbk,42.5,HIGH
OASA,MAHARAKSA BIRU ENERGI Tbk,42.4,HIGH
TLKM,TELKOM INDONESIA (PERSERO) Tbk,42.5,HIGH
ANDI,ANDIRA AGRO Tbk,42.8,HIGH
LAPD,LEYAND INTERNATIONAL Tbk,42.8,HIGH
BBCA,BANK CENTRAL ASIA Tbk,43.0,HIGH
PEHA,PHAPROS Tbk,43.2,HIGH
BATR,BENTENG API TECHNIC Tbk,43.5,HIGH
INDF,INDOFOOD SUKSES MAKMUR Tbk,43.4,HIGH
MARI,MAHAKA RADIO INTEGRA Tbk,43.5,HIGH
PACK,ABADI NUSANTARA HIJAU INVESTAMA Tbk,43.7,HIGH
SMSM,SELAMAT SEMPURNA Tbk,43.6,HIGH
FLMC,FALMACO NONWOVEN INDUSTRI Tbk,44.0,HIGH
TOSK,TOPINDO SOLUSI KOMUNIKA Tbk,43.8,HIGH
WIFI,SOLUSI SINERGI DIGITAL Tbk,44.0,HIGH
ASII,ASTRA INTERNATIONAL Tbk,44.1,HIGH
BAPA,BEKASI ASRI PEMULA Tbk,44.3,HIGH
GPSO,GEOPRIMA SOLUSI Tbk,44.4,HIGH
HOTL,SARASWATI GRIYA LESTARI Tbk,44.5,HIGH
ADRO,ALAMTRI RESOURCES INDONESIA Tbk,44.6,HIGH
AEGS,ANUGERAH SPAREPARTS SEJAHTERA Tbk,44.8,HIGH
KBLI,KMI Wire and Cable Tbk,44.8,HIGH
PLAS,POLARIS INVESTAMA Tbk,44.2,HIGH
DMND,DIAMOND FOOD INDONESIA Tbk,45.1,HIGH
ARKA,ARKHA JAYANTI PERSADA Tbk,45.4,HIGH
MANG,MANGGUNG POLAHRAYA Tbk,45.4,HIGH
NAIK,ADIWARNA ANUGERAH ABADI Tbk,45.5,HIGH
SMRU,SMR UTAMA Tbk,45.8,HIGH
TOPS,TOTALINDO EKA PERSADA Tbk,45.8,HIGH
RICY,RICKY PUTRA GLOBALINDO Tbk,45.9,HIGH
HOMI,GRAND HOUSE MULIA Tbk,46.0,HIGH
PEGE,PANCA GLOBAL KAPITAL Tbk,46.2,HIGH
UNTD,TERANG DUNIA INTERNUSA Tbk,46.2,HIGH
ELSA,ELNUSA Tbk,46.5,HIGH
MAPI,MITRA ADIPERKASA Tbk,46.5,HIGH
SMGR,SEMEN INDONESIA (PERSERO) Tbk,46.4,HIGH
DAAZ,DAAZ BARA LESTARI Tbk,46.8,HIGH
DFAM,DAFAM PROPERTY INDONESIA Tbk,46.6,HIGH
TAYS,JAYA SWARASA AGUNG Tbk,46.9,HIGH
OBMD,OBM DRILCHEM Tbk,47.0,HIGH
BOGA,APOLLO GLOBAL INTERACTIVE Tbk,47.2,HIGH
LEAD,LOGINDO SAMUDRAMAKMUR Tbk,47.2,HIGH
BLUE,BERKAH PRIMA PERKASA Tbk,47.3,HIGH
KJEN,KRIDA JARINGAN NUSANTARA Tbk,47.5,HIGH
PTPP,PP (PERSERO) Tbk,47.5,HIGH
ASPI,ANDALAN SAKTI PRIMAINDO Tbk,47.8,HIGH
HDIT,HENSEL DAVEST INDONESIA Tbk,47.8,HIGH
BSML,BINTANG SAMUDERA MANDIRI LINES Tbk,47.9,HIGH
KONI,PERDANA BANGUN PUSAKA Tbk,47.9,HIGH
ASHA,CILACAP SAMUDERA FISHING INDUSTRY Tbk,48.0,HIGH
KKES,KUSUMA KEMINDO SENTOSA Tbk,48.0,HIGH
NTBK,NUSATAMA BERKAH Tbk,48.1,HIGH
GULA,AMAN AGRINDO Tbk,48.4,HIGH
HYGN,ECOCARE INDO PASIFIK Tbk,48.4,HIGH
CFIN,CLIPAN FINANCE INDONESIA Tbk,48.5,HIGH
KOTA,DMS PROPERTINDO Tbk,48.5,HIGH
WMUU,WIDODO MAKMUR UNGGAS Tbk,48.5,HIGH
TRAM,TRADA ALAM MINERA Tbk,48.9,HIGH
UDNG,AGRO BAHARI NUSANTARA Tbk,48.3,HIGH
MNCN,MEDIA NUSANTARA CITRA Tbk,49.3,HIGH
ISAP,ISRA PRESISI INDONESIA Tbk,49.6,HIGH
MPOW,MEGAPOWER MAKMUR Tbk,49.5,HIGH
SKYB,NORTHCLIFF CITRANUSA INDONESIA Tbk,49.5,HIGH
JAST,JASNITA TELEKOMINDO Tbk,49.7,HIGH
TAMA,LANCARTAMA SEJATI Tbk,49.7,HIGH
MDKA,MERDEKA COPPER GOLD Tbk,50.0,HIGH
MTDL,METRODATA ELECTRONICS Tbk,50.1,HIGH
PIPA,MULTI MAKMUR LEMINDO Tbk,50.1,HIGH
KBLV,FIRST MEDIA Tbk,50.2,HIGH
SBAT,SEJAHTERA BINTANG ABADI TEXTILE Tbk,50.3,HIGH
SMRA,SUMMARECON AGUNG Tbk,50.3,HIGH
ASSA,ADI SARANA ARMADA Tbk,50.4,HIGH
TOYS,SUNINDO ADIPERSADA Tbk,50.5,HIGH
EMTK,ELANG MAHKOTA TEKNOLOGI Tbk,50.6,HIGH
INTA,INTRACO PENTA Tbk,50.6,HIGH
HAIS,HASNUR INTERNASIONAL SHIPPING Tbk,50.8,HIGH
OILS,INDO OIL PERKASA Tbk,50.8,HIGH
WINS,WINTERMAR OFFSHORE MARINE Tbk,51.0,HIGH
BRMS,BUMI RESOURCES MINERALS Tbk,51.3,HIGH
ICON,ISLAND CONCEPTS INDONESIA Tbk,51.3,HIGH
NUSA,SINERGI MEGAH INTERNUSA Tbk,51.4,HIGH
IPPE,INDO PURECO PRATAMA Tbk,51.7,HIGH
IOTF,SUMBER SINERGI MAKMUR Tbk,51.7,HIGH
WSBP,WASKITA BETON PRECAST Tbk,51.6,HIGH
ARMY,ARMIDIAN KARYATAMA Tbk,51.9,HIGH
ASMI,ASURANSI MAXIMUS GRAHA PERSADA Tbk,52.1,HIGH
CNKO,EXPLOITASI ENERGI INDONESIA Tbk,52.5,HIGH
GOTO,MVS GOTO GOJEK TOKOPEDIA Tbk,52.5,HIGH
BRRC,RAJA ROTI CEMERLANG Tbk,52.6,HIGH
PURA,PUTRA RAJAWALI KENCANA Tbk,52.7,HIGH
MDLN,MODERNLAND REALTY Tbk,53.2,HIGH
EPAC,MEGALESTARI EPACK SENTOSARAYA Tbk,53.5,HIGH
BMTR,GLOBAL MEDIACOM Tbk,53.7,HIGH
KIOS,KIOSON KOMERSIAL INDONESIA Tbk,53.7,HIGH
SNLK,SUNTER LAKESIDE HOTEL Tbk,53.7,HIGH
PPRI,PAPEROCKS INDONESIA Tbk,54.0,HIGH
KIJA,KAWASAN INDUSTRI JABABEKA Tbk,54.0,HIGH
LUCK,SENTRAL MITRA INFORMATIKA Tbk,54.0,HIGH
ATLA,ATLANTIS SUBSEA INDONESIA Tbk,54.3,HIGH
BEBS,BERKAH BETON SADAYA Tbk,54.2,HIGH
SLIS,GAYA ABADI SEMPURNA Tbk,54.3,HIGH
BTEK,BUMI TEKNOKULTURA UNGGUL Tbk,54.5,HIGH
BLTA,BERLIAN LAJU TANKER Tbk,54.1,HIGH
CTTH,CITATAH Tbk,54.1,HIGH
RIMO,RIMO INTERNATIONAL LESTARI Tbk,53.8,HIGH
SPRE,SORAYA BERJAYA INDONESIA Tbk,54.7,HIGH
FUTR,FUTURA ENERGI GLOBAL Tbk,55.0,HIGH
UNIQ,ULIMA NITRA Tbk,55.0,HIGH
BCIP,BUMI CITRA PERMAI Tbk,56.0,HIGH
KAYU,DARMI BERSAUDARA Tbk,56.0,HIGH
WOWS,GINTING JAYA ENERGI Tbk,56.1,HIGH
EAST,EASTPARC HOTEL Tbk,56.3,HIGH
HADE,HIMALAYA ENERGI PERKASA Tbk,56.7,HIGH
BOLA,BALI BINTANG SEJAHTERA Tbk,56.9,HIGH
SSIA,SURYA SEMESTA INTERNUSA Tbk,56.9,HIGH
UVCR,TRIMEGAH KARYA PRATAMA Tbk,57.0,HIGH
PDPP,PRIMADAYA PLASTISINDO Tbk,57.5,HIGH
RDTX,RODA VIVATEX Tbk,57.5,HIGH
ENRG,ENERGI MEGA PERSADA Tbk,58.1,HIGH
LMSH,LIONMESH PRIMA Tbk,59.8,HIGH
CARS,INDUSTRI DAN PERDAGANGAN BINTRACO DHARMA Tbk,59.9,HIGH
DEWI,DEWI SHRI FARMINDO Tbk,60.0,HIGH
INCF,INDO KOMODITI KORPORA Tbk,60.0,HIGH
DGWG,DELTA GIRI WACANA Tbk,60.2,HIGH
MABA,MARGA ABHINAYA ABADI Tbk,60.1,HIGH
PCAR,PRIMA CAKRAWALA ABADI Tbk,60.5,HIGH
BIRD,BLUE BIRD Tbk,60.6,HIGH
MEJA,HARTA DJAYA KARYA Tbk,60.7,HIGH
MKNT,MITRA KOMUNIKASI NUSANTARA Tbk,60.7,HIGH
RAFI,SARI KREASI BOGA Tbk,61.6,HIGH
BULL,BUANA LINTAS LAUTAN Tbk,61.2,HIGH
KRYA,BANGUN KARYA PERKASA JAYA Tbk,61.7,HIGH
PJHB,PELAYARAN JAYA HIDUP BARU Tbk,62.5,HIGH
SRSN,INDO ACIDATAMA Tbk,62.5,HIGH
SUGI,SUGIH ENERGY Tbk,62.2,HIGH
YELO,YELOOO INTEGRA DATANET Tbk,62.6,HIGH
LABA,GREEN POWER GROUP Tbk,62.7,HIGH
COAL,BLACK DIAMOND RESOURCES Tbk,63.0,HIGH
HOME,HOTEL MANDARINE REGENCY Tbk,63.5,HIGH
MAHA,MANDIRI HERINDO ADIPERKASA Tbk,63.9,HIGH
MIRA,MITRA INTERNATIONAL RESOURCES Tbk,64.1,HIGH
NINE,TECHNO9 INDONESIA Tbk,64.2,HIGH
DEWA,DARMA HENWA Tbk,64.5,HIGH
DILD,INTILAND DEVELOPMENT Tbk,64.8,HIGH
HEAL,MEDIKALOKA HERMINA Tbk,64.9,HIGH
BMBL,LAVENDER BINA CENDIKIA Tbk,65.4,HIGH
SMKM,SUMBER MAS KONSTRUKSI Tbk,65.4,HIGH
UNSP,BAKRIE SUMATERA PLANTATIONS Tbk,65.7,HIGH
SATU,KOTA SATU PROPERTI Tbk,65.8,HIGH
MINA,SANURHASTA MITRA Tbk,65.9,HIGH
IKAN,ERA MANDIRI CEMERLANG Tbk,66.5,HIGH
LMAX,LUPROMAX PELUMAS INDONESIA Tbk,66.8,HIGH
ARTI,RATU PRABU ENERGI Tbk,66.9,HIGH
BOSS,BORNEO OLAH SARANA SUKSES Tbk,67.4,HIGH
INDO,ROYALINDO INVESTA WIJAYA Tbk,67.8,HIGH
GOOD,GARUDAFOOD PUTRA PUTRI JAYA Tbk,67.9,HIGH
POOL,POOL ADVISTA INDONESIA Tbk,70.0,HIGH
IIKP,INTI AGRI RESOURCES Tbk,70.7,HIGH
HGII,HERO GLOBAL INVESTMENT Tbk,72.4,HIGH
JSKY,SKY ENERGY INDONESIA Tbk,73.0,HIGH
PURE,TRINITAN METALS AND MINERALS Tbk,73.5,HIGH
WIIM,WISMILAK INTI MAKMUR Tbk,74.5,HIGH
ESSA,ESSA INDUSTRIES INDONESIA Tbk,74.7,HIGH
FIMP,FIMPERKASA UTAMA Tbk,74.8,HIGH
PNGO,PINAGO UTAMA Tbk,77.2,HIGH
TGRA,TERREGRA ASIA ENERGY Tbk,77.8,HIGH
KREN,QUANTUM CLOVERA INVESTAMA Tbk,78.4,HIGH
LCGP,EUREKA PRIMA JAKARTA Tbk,78.4,HIGH
DADA,DIAMOND CITRA PROPERTINDO Tbk,78.5,HIGH
YULE,YULIE SEKURITAS INDONESIA Tbk,78.5,HIGH
RGAS,KIAN SANTANG MULIATAMA Tbk,79.6,HIGH
HKMU,HK METALS UTAMA Tbk,80.6,HIGH
IKAI,INTIKERAMIK ALAMASRI INDUSTRI Tbk,80.7,HIGH
DUCK,JAYA BERSAMA INDO Tbk,80.9,HIGH
SIMA,SIWANI MAKMUR Tbk,82.0,HIGH
ELTY,BAKRIELAND DEVELOPMENT Tbk,83.5,HIGH
RMKO,ROYALTAMA MULIA KONTRAKTORINDO Tbk,84.6,HIGH
ENVY,ENVY TECHNOLOGIES INDONESIA Tbk,85.6,HIGH
ZINC,KAPUAS PRIMA COAL Tbk,85.1,HIGH
NCKL,TRIMEGAH BANGUN PERSADA Tbk,88.0,HIGH
DEAL,DEWATA FREIGHTINTERNATIONAL Tbk,88.1,HIGH
WIRG,WIR ASIA Tbk,88.2,HIGH
MENN,MENN TEKNOLOGI INDONESIA Tbk,93.5,HIGH
PADI,MINNA PADI INVESTAMA SEKURITAS Tbk,94.3,HIGH
BAJA,SARANACENTRAL BAJATAMA Tbk,95.1,HIGH
TAXI,EXPRESS TRANSINDO UTAMA Tbk,95.2,HIGH
BBRI,BANK RAKYAT INDONESIA (PERSERO) Tbk,96.4,HIGH
ADHI,ADHI KARYA (PERSERO) Tbk,97.0,HIGH
BBNI,BANK NEGARA INDONESIA Tbk,100.0,HIGH
BBTN,BANK TABUNGAN NEGARA (PERSERO) Tbk,100.0,HIGH
INCI,INTANWIJAYA INTERNASIONAL Tbk,100.0,HIGH
LMAS,LIMAS INDONESIA MAKMUR Tbk,100.0,HIGH
